[
  {
    "Author": "Ace",
    "Name": "Ace Job Switcher",
    "InternalName": "AceJobSwitcher",
    "AssemblyVersion": "3.0.0.0",
    "Description": "Enables the player to switch jobs using their three letter acronyms as commands. (*: five or more)",
    "ApplicableVersion": "any",
    "RepoUrl": "https://github.com/AcePetrucci/ace-job-switcher",
    "Tags": [
      "UI",
      "convenience",
      "command",
      "jobs",
      "switch"
    ],
    "DalamudApiLevel": 12,
    "LoadRequiredState": 0,
    "LoadSync": false,
    "CanUnloadAsync": false,
    "LoadPriority": 0,
    "IconUrl": "https://raw.githubusercontent.com/AcePetrucci/ace-job-switcher/main/FastJobSwitcher/images/icon.png",
    "Punchline": "Always five* keystrokes away from any job",
    "AcceptsFeedback": true,
    "DownloadLinkInstall": "https://raw.githubusercontent.com/AcePetrucci/ace-job-switcher/main/FastJobSwitcher/bin/x64/Debug/AceJobSwitcher.zip",
    "DownloadLinkTesting": "https://raw.githubusercontent.com/AcePetrucci/ace-job-switcher/main/FastJobSwitcher/bin/x64/Debug/AceJobSwitcher.zip",
    "DownloadLinkUpdate": "https://raw.githubusercontent.com/AcePetrucci/ace-job-switcher/main/FastJobSwitcher/bin/x64/Debug/AceJobSwitcher.zip"
  }
]