[
  {
    "Author": "Ace",
    "Name": "Ace Job Switcher",
    "InternalName": "FastJobSwitcher",
    "AssemblyVersion": "2.2.0.0",
    "Description": "Enables the player to switch jobs using their three letter acronyms as commands. (*: five or more)",
    "ApplicableVersion": "any",
    "RepoUrl": "https://github.com/AcePetrucci/ace-job-switcher",
    "Tags": ["UI", "convenience", "command", "jobs", "switch"],
    "DalamudApiLevel": 12,
    "LoadRequiredState": 0,
    "LoadSync": false,
    "CanUnloadAsync": false,
    "LoadPriority": 0,
    "IconUrl": "https://raw.githubusercontent.com/AcePetrucci/ace-job-switcher/main/images/icon.png",
    "Punchline": "Always five* keystrokes away from any job",
    "AcceptsFeedback": true
  }
]
